,Volume,Final Trade Notional,Number of Trades,Maximum Drawdown
0,0.51984,-555.1763626,22,940.02
1,2.08147,-506.8326451,80,1967
2,1.74018,-267.7297044,28,2268.84
